player_a,sets_player_a,sets_player_b,player_b
Cris Busquets,1,1,Sngular
Daniel Sanchez-Crespo,2,3,Tinybird
Félix López,2,1,Extramile Cloud
David Bonilla,3,3,Juán Gil Miqueo
Toño de la Torre,0,2,Roberto Canales
Str Sistemas,0,1,ING
Aurelia Bustos,0,2,Toño de la Torre
Giuseppe Sollazzo,1,3,Daniel Torres-Buriel
Str Sistemas,0,3,Roberto Canales
Diverger,3,0,Grupo Billingham
Holafly,2,1,Jorge Galindo
Daniel Sanchez-Crespo,0,2,Extramile Cloud
Grupo Billingham,2,1,Paco Gómez
Vyootrip,1,1,Fátima Ballesteros
Shakers,1,2,Jose Luis Cases
Daniel Ramos,4,4,Raúl Cortina
Metricool,2,1,Álvaro Amor
David Pardo,1,4,Roberto Canales
Daniel Sanchez-Crespo,2,0,Holafly
Next Digital,1,3,Juán Gil Miqueo
Grupo Billingham,0,0,Dimas Suárez
Panel,2,4,Manfred
Clara Jiménez Cruz,0,2,Aurelia Bustos
Aurelia Bustos,1,1,David Carrero
DoIt,2,3,Toño de la Torre
Fátima Ballesteros,2,1,Jordi Mon Companys
Panel,1,2,Diverger
ING,1,2,Pablo Grueso
Toño de la Torre,2,2,Boris Gragera
David Pardo,2,1,Iván Fernández
Grupo Billingham,0,4,Joaquín Fernández
Automattic,1,1,Guillermo Montoya
Metricool,2,0,Alejandro San Nicolás
Elisardo González,1,2,Jose Luis Cases
Playtomic,3,1,Elisardo González
La Nave,2,1,Jordi Mon Companys
Eventbrite,2,3,Juán Gil Miqueo
Tinybird,2,2,Fátima Ballesteros
Daniel Torres-Buriel,2,1,Guillermo Montoya
Clara Jiménez Cruz,1,1,540
Holafly,0,0,Shakers
Giuseppe Sollazzo,2,3,Daniel Ramos
Manfred,1,0,Vyootrip
Giuseppe Sollazzo,3,1,Raúl Cortina
Manfred,1,0,Raúl Cortina
Tinybird,3,2,Álvaro Amor
Aurelia Bustos,2,1,David Bonilla
La Nave,1,3,Jose Luis Cases
Extramile Cloud,1,0,Javier Ramírez
Cris Busquets,2,2,Playtomic
La Nave,1,3,Toño de la Torre
Cris Busquets,1,1,Jordi Mon Companys
Holafly,2,0,La Nave
Sngular,2,4,Dimas Suárez
David Bonilla,1,1,DoIt
La Nave,2,2,Roberto Canales
Eventbrite,3,4,Rubén Arevalillo
Daniel Sanchez-Crespo,2,0,ING
Manuel Recena,2,1,Sngular
Manfred,2,2,Fátima Ballesteros
Raúl Cortina,0,1,Roberto Canales
Shakers,2,2,Metricool
Sngular,2,2,Supermono
DoIt,0,0,Grupo Billingham
Raúl Cortina,1,0,Jose Luis Cases
Fátima Ballesteros,1,0,Toño de la Torre
Izertis,2,6,Metricool
Aurelia Bustos,1,1,David Pardo
Félix López,2,6,Sngular
Clara Jiménez Cruz,1,1,Str Sistemas
Shakers,1,2,Elisardo González
Supermono,2,2,Joaquín Fernández
Automattic,2,3,Paco Gómez
Manuel Recena,1,3,Javier Ramírez
DoIt,1,2,ING
Extramile Cloud,2,3,DoIt
ING,2,1,Metricool
Cris Busquets,2,1,Factorial
Clara Jiménez Cruz,0,0,Manfred
Sngular,2,3,Raúl Cortina
Manuel Recena,1,0,Raúl Cortina
Izertis,3,1,Factorial
Supermono,2,3,Grupo Billingham
Sngular,1,1,Elisardo González
Cris Santamarina,2,1,Raúl Cortina
Daniel Ramos,1,4,Elisardo González
David Cuartielles,3,0,Shakers
David Bonilla,2,1,Dimas Suárez
Next Digital,2,1,Cris Santamarina
Vyootrip,2,1,Daniel Torres-Buriel
Clara Jiménez Cruz,2,1,Toño de la Torre
Next Digital,0,4,Roberto Canales
Extramile Cloud,1,2,Cris Santamarina
Tinybird,3,2,Vyootrip
Iván Fernández,1,1,Javier Ramírez
Manuel Recena,2,0,Paco Gómez
Tinybird,1,6,Jose Luis Cases
Diverger,0,1,Manfred
Elisardo González,1,4,Roberto Canales
Daniel Sanchez-Crespo,2,4,David Bonilla
Rubén Arevalillo,2,2,Joaquín Fernández
Daniel Torres-Buriel,2,2,Joaquín Fernández
Giuseppe Sollazzo,2,1,Manfred
Rafael Pons,2,3,Next Digital
ING,0,1,Jorge Galindo
Factorial,2,0,Iván Fernández
Factorial,2,0,Pablo Grueso
Alejandro San Nicolás,2,3,Rubén Arevalillo
Factorial,4,1,Daniel Torres-Buriel
Cris Busquets,0,2,Str Sistemas
ING,1,1,David Carrero
Eventbrite,1,1,Grupo Billingham
Sngular,0,1,Paco Gómez
Factorial,1,3,Manfred
Str Sistemas,1,1,Joaquín Fernández
David Bonilla,3,1,Iván Fernández
Daniel Ramos,2,1,Roberto Canales
Shakers,3,1,Daniel Ramos
Manfred,3,1,Iván Fernández
Manuel Recena,2,0,Jordi Mon Companys
Diverger,2,1,Jose Luis Cases
David Bonilla,2,1,Daniel Ramos
Extramile Cloud,2,1,Grupo Billingham
Guillermo Montoya,1,5,Elisardo González
Sngular,0,1,Izertis
Panel,2,0,Tinybird
Clara Jiménez Cruz,1,1,ING
Clara Jiménez Cruz,1,0,Jordi Mon Companys
Sngular,1,2,Jordi Mon Companys
Álvaro Amor,2,2,Iván Fernández
Diverger,1,2,Elisardo González
Factorial,1,1,Jose Luis Cases
Panel,0,1,Jorge Galindo
Trisha Geee,1,0,Roberto Canales
Álvaro Amor,0,1,Rubén Morgade
Aurelia Bustos,2,0,Jordi Mon Companys
Clara Jiménez Cruz,1,1,Diverger
Shakers,2,1,David Carrero
Guillermo Montoya,1,1,Toño de la Torre
DoIt,2,0,La Nave
Daniel Sanchez-Crespo,1,2,Jorge Galindo
Grupo Billingham,2,2,Pablo Grueso
Holafly,2,0,Jordi Mon Companys
540,1,0,Iván Fernández
Str Sistemas,0,0,Toño de la Torre
Panel,3,2,Shakers
Daniel Sanchez-Crespo,1,4,Jose Luis Cases
Cris Busquets,0,2,ING
Daniel Sanchez-Crespo,2,2,Eventbrite
Álvaro Amor,2,1,Raúl Cortina
Clara Jiménez Cruz,0,1,Juán Gil Miqueo
ING,1,3,Rubén Morgade
Grupo Billingham,1,1,Cris Santamarina
Str Sistemas,1,3,Dimas Suárez
Tinybird,1,2,Manfred
Izertis,2,0,Str Sistemas
Diverger,0,0,Paco Gómez
Automattic,2,1,Diverger
Izertis,2,1,Extramile Cloud
Iván Fernández,2,1,Roberto Canales
Daniel López,3,2,Joaquín Fernández
Rafael Pons,3,1,Automattic
Vyootrip,1,2,Cris Santamarina
Fátima Ballesteros,1,2,Alejandro San Nicolás
Extramile Cloud,0,1,Joaquín Fernández
Juán Gil Miqueo,3,1,Toño de la Torre
Clara Jiménez Cruz,1,1,Supermono
Tinybird,2,1,Cris Santamarina
Cris Santamarina,1,0,Toño de la Torre
Jordi Mon Companys,1,5,Iván Fernández
David Cuartielles,1,2,Rubén Arevalillo
DoIt,1,0,Juán Gil Miqueo
Juán Gil Miqueo,2,3,Paco Gómez
DoIt,2,2,David Pardo
Automattic,1,2,Daniel Ramos
Slimbook,2,1,Vyootrip
Diverger,1,1,Jordi Mon Companys
Dimas Suárez,2,2,Pablo Grueso
Panel,1,3,Elisardo González
Supermono,1,0,Eventbrite
Metricool,0,1,Vyootrip
Cris Busquets,1,1,David Bonilla
Panel,3,1,Rubén Morgade
Holafly,1,1,Pablo Lara
La Nave,0,2,Pablo Lara
Joaquín Fernández,2,3,Pablo Lara
Panel,2,1,Supermono
Automattic,2,2,Jordi Mon Companys
Shakers,1,1,Javier Ramírez
Slimbook,1,2,Elisardo González
Rafael Pons,1,3,Grupo Billingham
David Cuartielles,1,0,Jorge Galindo
540,3,1,Manfred
540,2,1,Guillermo Montoya
Holafly,2,1,Manfred
Grupo Billingham,1,2,Raúl Cortina
Vyootrip,2,2,Elisardo González
ING,2,1,Joaquín Fernández
Iván Fernández,1,0,Raúl Cortina
ING,0,1,Raúl Cortina
David Bonilla,3,0,David Carrero
Jose Luis Cases,2,0,Roberto Canales
Rubén Arevalillo,3,4,Javier Ramírez
Giuseppe Sollazzo,1,4,Trisha Geee
Metricool,1,2,Pablo Lara
Daniel Ramos,0,2,Iván Fernández
Manuel Recena,3,3,Grupo Billingham
DoIt,1,3,Rubén Arevalillo
Vyootrip,1,0,Guillermo Montoya
Factorial,2,3,Daniel Ramos
Metricool,0,1,David Carrero
Aurelia Bustos,2,1,Playtomic
Factorial,1,1,Pablo Lara
David Cuartielles,2,0,Clara Jiménez Cruz
Factorial,0,1,Rubén Arevalillo
Grupo Billingham,1,3,David Pardo
Grupo Billingham,2,2,Toño de la Torre
Extramile Cloud,2,0,Paco Gómez
Trisha Geee,1,1,Pablo Lara
David Cuartielles,1,1,Cris Santamarina
540,0,4,Pablo Lara
Daniel Torres-Buriel,1,1,Paco Gómez
Extramile Cloud,2,4,Raúl Cortina
Daniel Torres-Buriel,1,0,Roberto Canales
Eventbrite,4,0,Daniel Ramos
Str Sistemas,1,2,Pablo Lara
Cris Busquets,4,3,Diverger
Daniel Ramos,1,0,Jorge Galindo
Manuel Recena,1,1,Jorge Galindo
Shakers,4,4,Jordi Mon Companys
Daniel Sanchez-Crespo,1,4,Shakers
540,3,2,Juán Gil Miqueo
Rafael Pons,1,0,Playtomic
Playtomic,3,2,Fátima Ballesteros
Manfred,1,2,Elisardo González
Sngular,1,3,Slimbook
Izertis,1,1,Pablo Grueso
Roberto Canales,3,1,Javier Ramírez
Slimbook,1,4,Supermono
Next Digital,2,1,Pablo Grueso
Holafly,2,2,Daniel Torres-Buriel
Aurelia Bustos,1,0,Daniel López
Sngular,4,1,Manfred
540,2,2,La Nave
Cris Busquets,2,1,Slimbook
Sngular,2,1,Eventbrite
Playtomic,1,2,Vyootrip
Holafly,1,0,Daniel Ramos
Next Digital,2,2,Elisardo González
Juán Gil Miqueo,2,3,Alejandro San Nicolás
Next Digital,1,1,DoIt
Dimas Suárez,1,3,Javier Ramírez
Str Sistemas,2,2,Playtomic
Factorial,2,0,Metricool
David Bonilla,2,4,Eventbrite
Giuseppe Sollazzo,2,1,Guillermo Montoya
Daniel Ramos,2,0,Toño de la Torre
Trisha Geee,3,2,David Carrero
Extramile Cloud,1,3,La Nave
David Cuartielles,3,0,Javier Ramírez
Fátima Ballesteros,1,2,Elisardo González
Manfred,3,0,Jorge Galindo
Trisha Geee,2,3,La Nave
Daniel Torres-Buriel,1,0,Pablo Lara
David Pardo,2,4,Guillermo Montoya
David Carrero,1,2,Roberto Canales
Manuel Recena,2,1,Factorial
Grupo Billingham,2,2,Jose Luis Cases
Cris Busquets,0,4,Daniel Torres-Buriel
Félix López,2,1,Playtomic
Sngular,2,1,Boris Gragera
Cris Santamarina,1,2,Dimas Suárez
Automattic,2,3,Raúl Cortina
David Bonilla,3,2,Next Digital
Aurelia Bustos,1,1,Pablo Grueso
David Bonilla,2,0,Fátima Ballesteros
Holafly,1,0,Dimas Suárez
Panel,1,0,Jose Luis Cases
Aurelia Bustos,2,3,540
Metricool,2,2,Guillermo Montoya
Slimbook,1,1,Cris Santamarina
Extramile Cloud,1,1,Elisardo González
Tinybird,2,0,Daniel López
Metricool,1,1,Fátima Ballesteros
Giuseppe Sollazzo,1,1,Paco Gómez
ING,2,3,Elisardo González
Rafael Pons,1,0,David Carrero
Next Digital,2,1,Dimas Suárez
Factorial,1,2,Jorge Galindo
Giuseppe Sollazzo,3,1,Next Digital
Daniel Sanchez-Crespo,2,3,Alejandro San Nicolás
Metricool,1,3,Iván Fernández
Panel,2,1,Alejandro San Nicolás
Daniel Sanchez-Crespo,3,1,Fátima Ballesteros
David Bonilla,2,1,Factorial
Giuseppe Sollazzo,2,2,Cris Busquets
Panel,2,2,Extramile Cloud
Izertis,0,2,Rubén Morgade
Izertis,1,5,Daniel López
Panel,1,1,Álvaro Amor
David Bonilla,3,1,Rubén Arevalillo
Tinybird,2,2,Boris Gragera
Str Sistemas,3,4,Raúl Cortina
Izertis,2,2,Holafly
540,2,2,Dimas Suárez
Diverger,0,0,Daniel López
Cris Busquets,0,0,La Nave
Panel,1,3,Jordi Mon Companys
Daniel Sanchez-Crespo,3,3,Factorial
Álvaro Amor,1,2,David Carrero
Rafael Pons,3,1,Vyootrip
Dimas Suárez,2,2,Jose Luis Cases
Aurelia Bustos,1,1,Manfred
ING,2,2,Daniel López
Rubén Arevalillo,1,2,Raúl Cortina
Next Digital,2,1,Grupo Billingham
Next Digital,5,2,Javier Ramírez
Trisha Geee,2,1,Elisardo González
Manuel Recena,2,1,David Carrero
Automattic,3,0,David Pardo
Izertis,1,4,David Carrero
Aurelia Bustos,3,0,Jose Luis Cases
Str Sistemas,1,0,Eventbrite
Aurelia Bustos,3,1,Cris Busquets
Cris Busquets,3,3,Dimas Suárez
Clara Jiménez Cruz,2,2,Automattic
Daniel Sanchez-Crespo,1,3,DoIt
Boris Gragera,3,4,Álvaro Amor
Panel,3,0,Next Digital
Daniel Sanchez-Crespo,1,2,Toño de la Torre
Slimbook,2,0,Pablo Grueso
Factorial,2,1,Next Digital
Vyootrip,2,0,Jose Luis Cases
Grupo Billingham,2,1,Juán Gil Miqueo
Next Digital,1,2,Vyootrip
Playtomic,2,0,David Pardo
David Bonilla,2,5,Joaquín Fernández
Str Sistemas,2,1,Cris Santamarina
Daniel Ramos,2,1,Daniel Torres-Buriel
Playtomic,2,3,David Carrero
Manuel Recena,1,3,Supermono
Rafael Pons,2,1,Boris Gragera
Factorial,0,2,Slimbook
Daniel Torres-Buriel,1,2,Javier Ramírez
Panel,2,2,540
Clara Jiménez Cruz,2,2,Jorge Galindo
Jorge Galindo,2,2,Raúl Cortina
Rafael Pons,2,2,Eventbrite
Metricool,2,2,Rubén Morgade
Izertis,2,1,David Pardo
Sngular,0,1,La Nave
Trisha Geee,2,3,Rafael Pons
Str Sistemas,1,2,Paco Gómez
Eventbrite,1,2,Pablo Grueso
Manuel Recena,3,6,David Pardo
Metricool,2,1,Juán Gil Miqueo
Holafly,1,0,Rubén Arevalillo
David Cuartielles,1,1,Diverger
Panel,3,0,Playtomic
Factorial,1,1,Str Sistemas
Rafael Pons,0,2,Raúl Cortina
540,2,2,Jorge Galindo
Rafael Pons,2,6,Dimas Suárez
David Bonilla,0,1,Str Sistemas
Daniel López,0,0,Raúl Cortina
David Cuartielles,2,0,Panel
Eventbrite,1,2,Pablo Lara
Slimbook,1,6,David Carrero
Rafael Pons,1,0,Toño de la Torre
Slimbook,1,1,Shakers
Cris Busquets,1,2,David Pardo
Félix López,2,4,Toño de la Torre
Slimbook,2,2,Jorge Galindo
Supermono,3,1,Fátima Ballesteros
David Pardo,3,1,Dimas Suárez
Daniel Torres-Buriel,2,1,Rubén Arevalillo
Cris Busquets,2,2,Vyootrip
Cris Busquets,0,1,Roberto Canales
Eventbrite,0,3,Cris Santamarina
Rafael Pons,1,1,Juán Gil Miqueo
Slimbook,1,2,Playtomic
ING,1,1,Eventbrite
David Bonilla,1,0,Jose Luis Cases
Juán Gil Miqueo,0,5,Elisardo González
Extramile Cloud,4,2,Jose Luis Cases
Slimbook,1,2,Rubén Morgade
Jorge Galindo,1,2,Pablo Lara
Shakers,2,1,Fátima Ballesteros
Félix López,0,1,David Bonilla
David Bonilla,1,1,David Pardo
Extramile Cloud,1,3,Fátima Ballesteros
Str Sistemas,0,2,Javier Ramírez
Cris Busquets,1,0,David Carrero
David Cuartielles,0,2,Joaquín Fernández
Daniel Sanchez-Crespo,3,3,Javier Ramírez
Manuel Recena,1,0,Dimas Suárez
Next Digital,3,1,Toño de la Torre
Clara Jiménez Cruz,1,0,Félix López
540,1,0,Metricool
David Bonilla,2,2,Raúl Cortina
Diverger,3,3,Vyootrip
Manuel Recena,3,1,Playtomic
Str Sistemas,2,2,Daniel Ramos
DoIt,0,1,Vyootrip
Toño de la Torre,4,0,Pablo Lara
540,1,1,Toño de la Torre
Aurelia Bustos,1,3,ING
Clara Jiménez Cruz,2,0,Pablo Lara
Sngular,3,3,Fátima Ballesteros
Diverger,3,0,Next Digital
Factorial,2,2,Supermono
Clara Jiménez Cruz,2,3,Grupo Billingham
Tinybird,4,1,Eventbrite
Félix López,2,1,Iván Fernández
Fátima Ballesteros,0,3,Dimas Suárez
Manfred,2,2,Paco Gómez
Shakers,2,0,Pablo Lara
Rafael Pons,3,3,David Bonilla
Extramile Cloud,2,0,Holafly
Jorge Galindo,0,1,Pablo Grueso
Clara Jiménez Cruz,2,1,Sngular
Félix López,1,2,Alejandro San Nicolás
Manuel Recena,2,3,Alejandro San Nicolás
Factorial,3,1,Boris Gragera
Holafly,2,1,Pablo Grueso
Dimas Suárez,1,1,Alejandro San Nicolás
Pablo Lara,3,0,Javier Ramírez
Manuel Recena,1,1,David Bonilla
Slimbook,1,0,Daniel López
Sngular,1,2,DoIt
Factorial,1,2,Toño de la Torre
Cris Busquets,2,1,Tinybird
Next Digital,1,3,Álvaro Amor
Félix López,1,0,Next Digital
ING,2,1,Supermono
Giuseppe Sollazzo,2,3,Iván Fernández
Daniel Sanchez-Crespo,2,1,Cris Busquets
Supermono,2,0,Pablo Grueso
540,2,2,Paco Gómez
Factorial,1,2,Guillermo Montoya
David Cuartielles,1,1,Jordi Mon Companys
Boris Gragera,1,4,Rubén Morgade
Clara Jiménez Cruz,2,2,Playtomic
Manfred,3,2,Rubén Morgade
Clara Jiménez Cruz,1,1,Álvaro Amor
Izertis,2,0,Joaquín Fernández
Diverger,1,1,Raúl Cortina
Guillermo Montoya,0,0,Alejandro San Nicolás
Trisha Geee,3,3,Str Sistemas
Extramile Cloud,0,2,Juán Gil Miqueo
Daniel Torres-Buriel,1,2,Raúl Cortina
Álvaro Amor,2,1,Pablo Grueso
Manuel Recena,1,3,Daniel Torres-Buriel
Dimas Suárez,2,3,Álvaro Amor
Supermono,2,0,Metricool
Elisardo González,2,1,Rubén Morgade
Cris Busquets,4,1,Manfred
Factorial,2,4,Eventbrite
Jorge Galindo,2,2,Javier Ramírez
Next Digital,3,1,Metricool
Rafael Pons,2,2,Izertis
Daniel Ramos,3,2,Rubén Morgade
La Nave,1,1,Rubén Morgade
David Bonilla,3,1,Manfred
Panel,1,0,Holafly
Vyootrip,4,1,Toño de la Torre
La Nave,2,2,Álvaro Amor
540,1,1,Diverger
Grupo Billingham,1,1,Daniel Ramos
Next Digital,2,0,Daniel López
Slimbook,1,2,Boris Gragera
Guillermo Montoya,1,2,Pablo Grueso
Shakers,3,3,Roberto Canales
ING,2,0,Daniel Ramos
Alejandro San Nicolás,2,3,Roberto Canales
Manuel Recena,1,2,Guillermo Montoya
Cris Santamarina,0,3,Javier Ramírez
Clara Jiménez Cruz,1,3,Next Digital
Grupo Billingham,3,2,Vyootrip
Automattic,1,5,540
Giuseppe Sollazzo,2,4,Panel
Daniel Sanchez-Crespo,1,2,Cris Santamarina
Diverger,2,1,Factorial
Str Sistemas,3,1,Fátima Ballesteros
Fátima Ballesteros,2,2,Pablo Grueso
Aurelia Bustos,1,0,Guillermo Montoya
Fátima Ballesteros,2,5,Boris Gragera
David Bonilla,2,2,Sngular
Eventbrite,1,0,Jose Luis Cases
540,2,2,Pablo Grueso
Clara Jiménez Cruz,1,1,Daniel Torres-Buriel
Daniel Sanchez-Crespo,3,2,Rubén Morgade
Aurelia Bustos,2,1,Slimbook
Manuel Recena,2,4,Automattic
Daniel Sanchez-Crespo,1,1,Rubén Arevalillo
ING,1,3,Juán Gil Miqueo
Toño de la Torre,2,3,David Carrero
David Pardo,0,2,Daniel Torres-Buriel
Slimbook,1,2,Eventbrite
La Nave,1,1,Alejandro San Nicolás
Izertis,0,0,DoIt
Rafael Pons,1,2,Jose Luis Cases
Clara Jiménez Cruz,2,1,Jose Luis Cases
Fátima Ballesteros,1,4,Raúl Cortina
DoIt,2,1,Holafly
Félix López,1,1,Jose Luis Cases
David Cuartielles,2,1,Aurelia Bustos
Álvaro Amor,0,1,Pablo Lara
Boris Gragera,2,1,David Carrero
Manuel Recena,2,2,Cris Santamarina
Factorial,1,1,Cris Santamarina
Juán Gil Miqueo,2,2,Joaquín Fernández
Alejandro San Nicolás,1,2,Jose Luis Cases
David Bonilla,2,0,Diverger
David Bonilla,2,2,Automattic
Cris Busquets,0,2,Rubén Arevalillo
Manuel Recena,0,1,Pablo Grueso
Panel,1,2,David Carrero
Sngular,2,3,Diverger
Holafly,1,0,Toño de la Torre
Factorial,2,2,Fátima Ballesteros
Aurelia Bustos,2,3,Iván Fernández
Next Digital,0,1,Shakers
Playtomic,2,3,Eventbrite
David Cuartielles,1,1,Cris Busquets
Félix López,0,3,Supermono
Tinybird,1,3,Pablo Grueso
Giuseppe Sollazzo,2,4,Dimas Suárez
Cris Busquets,0,1,Holafly
Félix López,2,1,Grupo Billingham
Grupo Billingham,3,0,Guillermo Montoya
Slimbook,2,3,La Nave
Giuseppe Sollazzo,1,1,Daniel López
ING,2,3,Roberto Canales
Juán Gil Miqueo,2,3,Pablo Grueso
Manfred,2,0,David Carrero
Alejandro San Nicolás,0,0,Jordi Mon Companys
David Pardo,1,2,Pablo Grueso
Daniel Torres-Buriel,0,1,Rubén Morgade
La Nave,3,2,Dimas Suárez
540,4,5,Tinybird
Juán Gil Miqueo,2,4,Cris Santamarina
Izertis,1,2,Juán Gil Miqueo
Panel,2,4,Toño de la Torre
Str Sistemas,1,1,Supermono
Félix López,1,4,Rubén Morgade
Sngular,0,0,Iván Fernández
Manfred,3,3,Álvaro Amor
Str Sistemas,1,2,Iván Fernández
David Pardo,2,2,Paco Gómez
Jordi Mon Companys,1,2,David Carrero
Daniel Sanchez-Crespo,2,4,Trisha Geee
ING,2,2,Daniel Torres-Buriel
Manfred,3,1,Grupo Billingham
Metricool,3,0,Elisardo González
Daniel López,2,0,Iván Fernández
Diverger,2,2,Joaquín Fernández
David Pardo,2,1,Jordi Mon Companys
Alejandro San Nicolás,2,1,Iván Fernández
Manuel Recena,2,1,540
David Pardo,1,3,Rubén Morgade
Alejandro San Nicolás,2,2,Pablo Lara
Daniel López,1,0,Pablo Grueso
Izertis,1,3,La Nave
Factorial,2,2,Javier Ramírez
Supermono,1,3,Toño de la Torre
Aurelia Bustos,3,0,Javier Ramírez
Automattic,3,2,Iván Fernández
Cris Busquets,3,4,Iván Fernández
Juán Gil Miqueo,1,2,Jordi Mon Companys
Shakers,0,2,Raúl Cortina
Daniel Torres-Buriel,1,4,Alejandro San Nicolás
Elisardo González,2,0,Javier Ramírez
Pablo Grueso,2,3,Javier Ramírez
Elisardo González,2,2,Pablo Lara
Vyootrip,0,0,Jorge Galindo
David Pardo,0,0,Toño de la Torre
540,1,3,Rubén Arevalillo
La Nave,1,2,Iván Fernández
Giuseppe Sollazzo,1,1,Manuel Recena
Manuel Recena,2,1,Metricool
Holafly,0,2,Paco Gómez
Clara Jiménez Cruz,0,2,Cris Busquets
Next Digital,2,2,Guillermo Montoya
Giuseppe Sollazzo,2,1,Boris Gragera
Extramile Cloud,2,1,ING
Tinybird,2,3,David Carrero
Panel,1,0,Metricool
Factorial,1,0,Raúl Cortina
Izertis,1,2,Cris Santamarina
Jorge Galindo,2,1,Roberto Canales
Grupo Billingham,2,2,Pablo Lara
Aurelia Bustos,3,4,Juán Gil Miqueo
David Cuartielles,0,1,Rubén Morgade
Panel,1,0,Grupo Billingham
DoIt,0,1,Jordi Mon Companys
Giuseppe Sollazzo,0,3,Aurelia Bustos
540,1,1,Slimbook
Slimbook,1,2,Holafly
DoIt,3,3,Dimas Suárez
Holafly,3,1,Jose Luis Cases
Clara Jiménez Cruz,3,5,Tinybird
Diverger,3,4,Álvaro Amor
Slimbook,1,2,Joaquín Fernández
Shakers,2,2,Cris Santamarina
Jordi Mon Companys,0,0,Roberto Canales
Clara Jiménez Cruz,2,0,Iván Fernández
DoIt,2,1,Str Sistemas
Str Sistemas,2,0,Elisardo González
Boris Gragera,2,3,Roberto Canales
Playtomic,3,3,Toño de la Torre
La Nave,1,1,Juán Gil Miqueo
Toño de la Torre,1,3,Javier Ramírez
Playtomic,2,0,Pablo Grueso
Sngular,2,3,Extramile Cloud
Vyootrip,1,1,Pablo Grueso
Grupo Billingham,1,2,Elisardo González
Juán Gil Miqueo,2,2,Javier Ramírez
Rafael Pons,2,3,Supermono
Daniel López,3,1,Álvaro Amor
Vyootrip,3,5,Boris Gragera
Tinybird,3,0,Slimbook
Holafly,1,3,Iván Fernández
Cris Santamarina,3,0,Pablo Lara
Holafly,0,1,Grupo Billingham
Factorial,1,0,Rubén Morgade
La Nave,1,2,Daniel Ramos
Sngular,1,1,Daniel Torres-Buriel
Clara Jiménez Cruz,2,3,Giuseppe Sollazzo
David Cuartielles,3,1,Alejandro San Nicolás
Daniel Sanchez-Crespo,1,1,Joaquín Fernández
Shakers,1,2,Rubén Arevalillo
Vyootrip,2,0,Dimas Suárez
Trisha Geee,3,0,Metricool
Factorial,1,3,Holafly
Slimbook,2,1,Manfred
Supermono,2,2,Vyootrip
Daniel Sanchez-Crespo,1,1,David Pardo
Factorial,0,2,David Pardo
Playtomic,2,1,Daniel López
Juán Gil Miqueo,2,4,Pablo Lara
Supermono,2,2,Daniel Ramos
David Cuartielles,3,1,Elisardo González
Grupo Billingham,3,1,Álvaro Amor
David Bonilla,1,1,Metricool
Jordi Mon Companys,0,1,Pablo Grueso
La Nave,3,1,Jorge Galindo
La Nave,2,2,Daniel López
David Cuartielles,2,0,Toño de la Torre
Manuel Recena,1,0,ING
Eventbrite,2,3,Vyootrip
Eventbrite,2,4,Toño de la Torre
Giuseppe Sollazzo,2,0,Alejandro San Nicolás
Extramile Cloud,1,2,Roberto Canales
Aurelia Bustos,2,2,Roberto Canales
Shakers,0,0,Rubén Morgade
David Cuartielles,2,2,Str Sistemas
Guillermo Montoya,1,1,David Carrero
Vyootrip,2,3,David Carrero
Tinybird,2,1,Toño de la Torre
Shakers,1,0,Eventbrite
Metricool,1,1,Daniel Ramos
David Bonilla,1,1,Álvaro Amor
Daniel Sanchez-Crespo,1,1,Vyootrip
ING,3,1,Guillermo Montoya
Elisardo González,2,2,Jordi Mon Companys
Rafael Pons,2,1,Str Sistemas
Diverger,2,0,Dimas Suárez
Clara Jiménez Cruz,3,0,Vyootrip
Jorge Galindo,3,0,Daniel López
Manfred,1,0,Daniel Ramos
Diverger,2,1,La Nave
Izertis,2,2,Paco Gómez
Juán Gil Miqueo,3,2,Jose Luis Cases
Cris Busquets,3,2,Manuel Recena
Daniel Sanchez-Crespo,4,2,Raúl Cortina
Toño de la Torre,3,3,Jordi Mon Companys
Extramile Cloud,1,3,Toño de la Torre
Automattic,1,2,Jose Luis Cases
Extramile Cloud,0,2,Tinybird
David Pardo,3,3,Rubén Arevalillo
Rafael Pons,0,1,Elisardo González
David Pardo,2,2,Daniel López
Juán Gil Miqueo,3,1,Boris Gragera
Clara Jiménez Cruz,1,0,David Carrero
Cris Busquets,0,1,Next Digital
Paco Gómez,0,1,Rubén Arevalillo
Shakers,1,1,Guillermo Montoya
Cris Busquets,2,1,Daniel López
Sngular,0,2,Toño de la Torre
Shakers,2,4,Vyootrip
Jordi Mon Companys,2,2,Rubén Arevalillo
Manuel Recena,1,1,Izertis
540,2,5,Daniel Ramos
Fátima Ballesteros,2,2,Jorge Galindo
Holafly,1,0,David Carrero
Shakers,3,2,Álvaro Amor
Félix López,1,2,Panel
Factorial,1,4,DoIt
DoIt,1,1,Manfred
Jorge Galindo,2,3,Rubén Morgade
Izertis,1,1,Guillermo Montoya
Eventbrite,2,1,Rubén Morgade
Félix López,3,0,Izertis
Rubén Arevalillo,3,0,Roberto Canales
Juán Gil Miqueo,2,3,Dimas Suárez
Cris Busquets,4,1,Jose Luis Cases
Guillermo Montoya,2,1,Dimas Suárez
Vyootrip,2,3,Juán Gil Miqueo
Next Digital,1,1,Joaquín Fernández
Tinybird,0,0,Joaquín Fernández
Daniel Sanchez-Crespo,1,3,Roberto Canales
Vyootrip,1,1,Jordi Mon Companys
Automattic,4,0,Extramile Cloud
DoIt,1,1,Daniel López
Eventbrite,1,2,Jorge Galindo
540,2,1,David Carrero
540,2,0,Raúl Cortina
Manfred,2,1,Guillermo Montoya
Rubén Morgade,2,1,Raúl Cortina
ING,1,0,Dimas Suárez
Izertis,2,4,ING
Playtomic,3,2,Cris Santamarina
Diverger,0,1,Jorge Galindo
Diverger,2,2,Juán Gil Miqueo
Aurelia Bustos,1,1,Eventbrite
Rafael Pons,1,2,Pablo Grueso
Diverger,1,0,Daniel Torres-Buriel
Playtomic,1,1,Joaquín Fernández
David Bonilla,1,3,Holafly
Manfred,2,2,Roberto Canales
Félix López,0,3,Roberto Canales
Panel,3,2,Factorial
540,2,0,Fátima Ballesteros
Jordi Mon Companys,1,0,Javier Ramírez
Cris Busquets,1,2,Rubén Morgade
Félix López,3,3,Jordi Mon Companys
Trisha Geee,2,3,Playtomic
Trisha Geee,1,4,Daniel Ramos
Félix López,0,4,Daniel Torres-Buriel
David Cuartielles,1,1,David Bonilla
David Bonilla,2,3,La Nave
Panel,2,5,Joaquín Fernández
Guillermo Montoya,2,0,Rubén Morgade
Dimas Suárez,0,2,Raúl Cortina
Holafly,3,1,Guillermo Montoya
540,0,4,Roberto Canales
Vyootrip,2,1,Joaquín Fernández
Manfred,1,4,Pablo Grueso
Tinybird,3,3,La Nave
David Cuartielles,3,1,Extramile Cloud
Panel,1,2,Paco Gómez
Supermono,1,2,Jorge Galindo
Automattic,1,2,Álvaro Amor
Fátima Ballesteros,2,2,David Carrero
Daniel López,1,1,Dimas Suárez
Automattic,3,1,Next Digital
Str Sistemas,0,2,Jorge Galindo
Cris Busquets,1,1,Cris Santamarina
Rafael Pons,1,1,Metricool
Automattic,1,2,Slimbook
Aurelia Bustos,3,1,Automattic
Panel,1,2,Pablo Lara
La Nave,2,5,David Pardo
Daniel Sanchez-Crespo,2,5,Diverger
DoIt,2,3,Raúl Cortina
ING,1,1,Paco Gómez
David Cuartielles,2,5,Roberto Canales
Trisha Geee,1,2,Juán Gil Miqueo
David Bonilla,2,0,Tinybird
Manfred,1,3,Javier Ramírez
David Bonilla,0,2,Alejandro San Nicolás
Holafly,2,1,David Pardo
DoIt,1,1,Supermono
DoIt,1,2,Shakers
David Cuartielles,0,5,Daniel Torres-Buriel
Manuel Recena,1,3,Fátima Ballesteros
DoIt,3,0,Fátima Ballesteros
Supermono,2,4,Manfred
Clara Jiménez Cruz,1,2,Panel
Jordi Mon Companys,2,5,Pablo Lara
Pablo Grueso,2,0,Rubén Morgade
Daniel López,1,3,Jordi Mon Companys
Tinybird,1,1,Juán Gil Miqueo
Automattic,1,2,DoIt
Álvaro Amor,1,1,Javier Ramírez
Guillermo Montoya,0,0,Paco Gómez
Trisha Geee,2,4,ING
Diverger,2,1,Roberto Canales
Fátima Ballesteros,0,0,Daniel López
David Cuartielles,2,2,Paco Gómez
Trisha Geee,0,2,Eventbrite
Slimbook,3,3,Iván Fernández
Clara Jiménez Cruz,1,1,DoIt
Vyootrip,2,1,David Pardo
Aurelia Bustos,1,1,Trisha Geee
Sngular,1,1,Factorial
David Bonilla,3,1,Boris Gragera
Juán Gil Miqueo,0,0,Álvaro Amor
Automattic,1,0,Rubén Arevalillo
Aurelia Bustos,2,1,Rafael Pons
Clara Jiménez Cruz,1,0,David Pardo
Panel,3,0,Cris Santamarina
Extramile Cloud,3,1,Guillermo Montoya
Tinybird,1,0,Iván Fernández
Juán Gil Miqueo,3,3,Iván Fernández
Clara Jiménez Cruz,1,3,Javier Ramírez
Panel,4,3,Slimbook
Boris Gragera,1,1,Pablo Grueso
Félix López,1,3,Elisardo González
Factorial,2,2,Shakers
Jorge Galindo,1,2,Iván Fernández
Daniel López,3,0,Javier Ramírez
Diverger,1,4,Guillermo Montoya
Automattic,1,1,Rubén Morgade
Extramile Cloud,1,0,Dimas Suárez
David Pardo,1,0,Boris Gragera
Raúl Cortina,2,1,Javier Ramírez
Trisha Geee,1,4,Daniel Torres-Buriel
Jorge Galindo,1,2,Dimas Suárez
Diverger,1,0,Cris Santamarina
Automattic,0,2,ING
Automattic,0,2,Javier Ramírez
Grupo Billingham,3,1,Rubén Arevalillo
Diverger,2,2,DoIt
Rafael Pons,2,1,Javier Ramírez
Aurelia Bustos,2,1,Holafly
La Nave,2,1,Boris Gragera
Giuseppe Sollazzo,1,1,Factorial
Iván Fernández,2,2,Jose Luis Cases
540,3,1,Grupo Billingham
Str Sistemas,2,4,Alejandro San Nicolás
Shakers,3,1,Pablo Grueso
Cris Santamarina,2,0,Pablo Grueso
Clara Jiménez Cruz,1,3,Rubén Morgade
Alejandro San Nicolás,0,4,Paco Gómez
Slimbook,0,3,Juán Gil Miqueo
Rubén Arevalillo,0,1,Pablo Lara
Manfred,1,1,Daniel Torres-Buriel
Dimas Suárez,2,0,Boris Gragera
Manfred,2,1,Juán Gil Miqueo
Rubén Morgade,0,0,Iván Fernández
Cris Santamarina,2,2,Rubén Arevalillo
Izertis,1,0,Toño de la Torre
Clara Jiménez Cruz,3,1,Daniel Sanchez-Crespo
Manuel Recena,2,1,Elisardo González
Factorial,0,1,Paco Gómez
Shakers,0,3,Iván Fernández
Automattic,2,2,Factorial
Félix López,1,0,Guillermo Montoya
ING,2,4,Cris Santamarina
Playtomic,2,1,Álvaro Amor
Rafael Pons,4,4,Manfred
Dimas Suárez,0,0,Rubén Morgade
David Bonilla,1,2,Jordi Mon Companys
Cris Busquets,3,4,Extramile Cloud
Slimbook,2,5,Paco Gómez
Félix López,1,1,Daniel López
DoIt,2,3,Cris Santamarina
David Cuartielles,2,3,Eventbrite
Jose Luis Cases,3,2,Pablo Lara
Daniel Ramos,0,1,Jose Luis Cases
Sngular,2,2,Playtomic
David Cuartielles,2,0,Pablo Grueso
Boris Gragera,1,1,Javier Ramírez
Manuel Recena,0,5,Félix López
Slimbook,0,4,Guillermo Montoya
Eventbrite,3,1,Guillermo Montoya
Factorial,1,2,La Nave
Toño de la Torre,1,0,Pablo Grueso
Cris Busquets,1,2,Eventbrite
Daniel López,2,1,David Carrero
Str Sistemas,1,1,Daniel Torres-Buriel
Toño de la Torre,2,4,Daniel López
David Cuartielles,2,1,Daniel Sanchez-Crespo
Jorge Galindo,0,2,Toño de la Torre
Eventbrite,0,3,Daniel Torres-Buriel
Str Sistemas,4,0,Boris Gragera
Daniel Sanchez-Crespo,1,1,Panel
Supermono,2,1,Alejandro San Nicolás
Jorge Galindo,2,1,Joaquín Fernández
ING,2,1,Rubén Arevalillo
Izertis,1,0,Tinybird
Daniel Torres-Buriel,1,0,Pablo Grueso
Giuseppe Sollazzo,2,1,Tinybird
Rafael Pons,1,4,ING
Guillermo Montoya,2,3,Cris Santamarina
Boris Gragera,1,0,Joaquín Fernández
Sngular,2,3,540
Playtomic,1,2,Daniel Ramos
Paco Gómez,1,0,Iván Fernández
Fátima Ballesteros,0,2,Daniel Torres-Buriel
Panel,1,2,Dimas Suárez
540,1,1,Daniel López
La Nave,1,3,Guillermo Montoya
Tinybird,2,2,DoIt
Cris Santamarina,2,2,Jordi Mon Companys
Tinybird,1,6,Rubén Morgade
DoIt,2,1,Pablo Lara
Elisardo González,2,1,Pablo Grueso
Giuseppe Sollazzo,1,1,Slimbook
Playtomic,3,3,Raúl Cortina
David Bonilla,2,0,Panel
Izertis,2,2,Eventbrite
Clara Jiménez Cruz,3,1,Paco Gómez
Daniel Ramos,1,1,Alejandro San Nicolás
Trisha Geee,3,1,Diverger
Fátima Ballesteros,2,2,Álvaro Amor
Aurelia Bustos,1,2,Boris Gragera
540,1,1,Javier Ramírez
Toño de la Torre,2,1,Álvaro Amor
Metricool,2,0,Daniel Torres-Buriel
Giuseppe Sollazzo,0,1,Playtomic
David Cuartielles,1,4,Boris Gragera
Rafael Pons,1,2,Sngular
Playtomic,1,0,Roberto Canales
Fátima Ballesteros,1,1,Joaquín Fernández
David Bonilla,0,1,Vyootrip
Izertis,1,3,Manfred
Extramile Cloud,2,2,Vyootrip
Playtomic,1,0,Rubén Arevalillo
David Bonilla,1,1,Guillermo Montoya
Rafael Pons,2,1,Jorge Galindo
Next Digital,0,1,Slimbook
Félix López,2,3,Dimas Suárez
Eventbrite,1,1,David Pardo
Trisha Geee,2,2,Jordi Mon Companys
David Cuartielles,1,1,Daniel López
David Carrero,1,0,Raúl Cortina
Daniel Torres-Buriel,2,1,Boris Gragera
Metricool,1,1,Jose Luis Cases
Trisha Geee,3,1,Dimas Suárez
Daniel Sanchez-Crespo,1,1,Guillermo Montoya
La Nave,1,3,Pablo Grueso
Daniel Sanchez-Crespo,0,2,Juán Gil Miqueo
Fátima Ballesteros,0,1,Juán Gil Miqueo
DoIt,2,2,Pablo Grueso
Clara Jiménez Cruz,2,0,Extramile Cloud
Clara Jiménez Cruz,1,1,Guillermo Montoya
Daniel Torres-Buriel,2,3,Jose Luis Cases
Rafael Pons,0,1,Daniel Ramos
Sngular,0,1,Pablo Grueso
Paco Gómez,3,3,Roberto Canales
Manuel Recena,3,3,Extramile Cloud
Rafael Pons,2,0,Fátima Ballesteros
Clara Jiménez Cruz,0,1,Joaquín Fernández
Metricool,1,2,David Pardo
David Cuartielles,3,0,Manuel Recena
David Bonilla,3,0,Jorge Galindo
540,2,3,Álvaro Amor
Panel,1,3,Vyootrip
Automattic,2,0,Sngular
Giuseppe Sollazzo,1,1,Pablo Lara
Daniel Sanchez-Crespo,1,0,Paco Gómez
Aurelia Bustos,3,0,Panel
Diverger,2,1,Shakers
Clara Jiménez Cruz,2,1,Daniel Ramos
Next Digital,3,1,Str Sistemas
Daniel Sanchez-Crespo,2,1,Pablo Lara
Sngular,1,0,Str Sistemas
Next Digital,2,0,Daniel Ramos
Clara Jiménez Cruz,2,4,Rubén Arevalillo
Metricool,0,3,Jorge Galindo
Clara Jiménez Cruz,2,1,Roberto Canales
Manuel Recena,1,0,Eventbrite
Cris Santamarina,2,5,Iván Fernández
Daniel Sanchez-Crespo,2,0,Jordi Mon Companys
Daniel López,3,0,Rubén Arevalillo
Rafael Pons,2,1,Daniel Torres-Buriel
Trisha Geee,0,2,Guillermo Montoya
Sngular,2,0,Juán Gil Miqueo
Automattic,1,3,Playtomic
Fátima Ballesteros,1,2,Javier Ramírez
Joaquín Fernández,2,1,Roberto Canales
David Pardo,1,3,Joaquín Fernández
Slimbook,0,1,David Pardo
Elisardo González,2,1,Raúl Cortina
David Carrero,1,2,Iván Fernández
Manfred,0,4,Jose Luis Cases
Vyootrip,0,3,Javier Ramírez
Str Sistemas,1,1,Jordi Mon Companys
Supermono,3,1,Boris Gragera
Daniel Sanchez-Crespo,3,3,Next Digital
Manuel Recena,2,4,Vyootrip
Extramile Cloud,0,1,Next Digital
La Nave,2,1,Rubén Arevalillo
Álvaro Amor,2,3,Jose Luis Cases
David Cuartielles,3,1,Manfred
Izertis,4,1,Jorge Galindo
Aurelia Bustos,3,0,Rubén Arevalillo
Slimbook,2,1,Str Sistemas
Fátima Ballesteros,2,0,Roberto Canales
Cris Santamarina,1,1,Álvaro Amor
Alejandro San Nicolás,2,4,Boris Gragera
Aurelia Bustos,1,4,Tinybird
Félix López,1,1,Tinybird
Playtomic,1,2,Juán Gil Miqueo
Aurelia Bustos,1,0,Rubén Morgade
Izertis,1,2,Jordi Mon Companys
Supermono,1,1,Jordi Mon Companys
Daniel López,3,3,Rubén Morgade
Automattic,1,1,Pablo Lara
Jorge Galindo,0,1,Alejandro San Nicolás
Str Sistemas,3,2,David Carrero
Eventbrite,3,1,Boris Gragera
Sngular,1,1,Holafly
Trisha Geee,1,4,540
Trisha Geee,1,0,Pablo Grueso
Next Digital,2,3,Jorge Galindo
Cris Busquets,2,1,DoIt
Dimas Suárez,2,1,Roberto Canales
Félix López,3,2,Pablo Grueso
Jordi Mon Companys,1,2,Rubén Morgade
David Carrero,1,1,Javier Ramírez
Trisha Geee,1,0,Paco Gómez
Izertis,3,3,Playtomic
Félix López,2,1,Daniel Ramos
Dimas Suárez,1,1,Pablo Lara
Clara Jiménez Cruz,2,0,Metricool
Dimas Suárez,2,2,Elisardo González
Manuel Recena,1,1,Daniel Ramos
Playtomic,1,1,Alejandro San Nicolás
Playtomic,2,0,Shakers
Next Digital,2,1,David Pardo
Daniel Ramos,0,0,Daniel López
Extramile Cloud,1,0,Jorge Galindo
DoIt,2,1,Paco Gómez
Giuseppe Sollazzo,2,0,Pablo Grueso
Jorge Galindo,1,0,Paco Gómez
Daniel Ramos,2,1,Pablo Grueso
Diverger,1,3,Javier Ramírez
Panel,1,2,Javier Ramírez
Izertis,2,1,Javier Ramírez
Daniel Torres-Buriel,2,3,Dimas Suárez
ING,1,1,Pablo Lara
Daniel Ramos,2,2,Javier Ramírez
Rafael Pons,2,4,DoIt
Str Sistemas,2,2,Juán Gil Miqueo
Playtomic,0,1,Guillermo Montoya
Grupo Billingham,1,0,Javier Ramírez
Slimbook,1,2,Toño de la Torre
Tinybird,2,0,Guillermo Montoya
Cris Busquets,1,1,Jorge Galindo
Factorial,3,1,Álvaro Amor
Playtomic,2,1,Daniel Torres-Buriel
Factorial,1,0,Daniel López
Félix López,2,3,Factorial
David Pardo,2,1,Cris Santamarina
Holafly,1,4,Boris Gragera
Slimbook,0,2,Jose Luis Cases
Trisha Geee,0,0,Jorge Galindo
Extramile Cloud,2,2,Daniel Ramos
Daniel Sanchez-Crespo,2,1,Izertis
Eventbrite,1,4,La Nave
540,2,1,Rubén Morgade
Metricool,1,1,Raúl Cortina
David Bonilla,3,3,Izertis
540,2,1,Shakers
Eventbrite,2,2,Fátima Ballesteros
Manfred,1,3,David Pardo
Panel,1,0,Sngular
Extramile Cloud,1,1,Alejandro San Nicolás
Izertis,0,1,Elisardo González
Álvaro Amor,3,0,Roberto Canales
Daniel Ramos,0,3,Guillermo Montoya
Rafael Pons,2,1,Rubén Morgade
Tinybird,0,1,ING
Tinybird,2,0,Jorge Galindo
David Bonilla,2,1,Daniel López
Giuseppe Sollazzo,3,2,540
Playtomic,3,0,Dimas Suárez
Eventbrite,1,4,Jordi Mon Companys
Pablo Grueso,2,1,Joaquín Fernández
Manfred,2,2,Joaquín Fernández
Cris Santamarina,3,2,Jorge Galindo
Tinybird,1,0,Daniel Ramos
Diverger,1,3,Supermono
Daniel Sanchez-Crespo,2,4,Slimbook
David Bonilla,1,0,Pablo Lara
Diverger,2,1,Tinybird
Playtomic,2,2,Rubén Morgade
ING,1,1,Shakers
Manuel Recena,1,3,Rubén Arevalillo
Vyootrip,3,4,Roberto Canales
Toño de la Torre,1,1,Raúl Cortina
Automattic,1,1,Elisardo González
Extramile Cloud,1,4,Slimbook
Next Digital,2,0,David Carrero
Holafly,0,4,Javier Ramírez
Manuel Recena,2,0,Roberto Canales
Grupo Billingham,2,0,David Carrero
Jordi Mon Companys,1,1,Boris Gragera
David Cuartielles,1,1,Félix López
Daniel Sanchez-Crespo,1,3,Aurelia Bustos
Metricool,3,0,Cris Santamarina
Automattic,1,4,Eventbrite
David Bonilla,1,1,Rubén Morgade
Daniel Sanchez-Crespo,2,1,Daniel Torres-Buriel
Grupo Billingham,2,1,Daniel López
David Pardo,1,0,Javier Ramírez
Toño de la Torre,2,2,Elisardo González
Clara Jiménez Cruz,2,1,Boris Gragera
Extramile Cloud,2,0,Iván Fernández
Paco Gómez,2,3,Jose Luis Cases
Diverger,0,1,ING
Juán Gil Miqueo,3,0,Raúl Cortina
Giuseppe Sollazzo,2,1,ING
David Cuartielles,2,0,Sngular
Slimbook,4,0,Raúl Cortina
Aurelia Bustos,1,0,Izertis
540,1,0,Daniel Torres-Buriel
David Pardo,3,4,Alejandro San Nicolás
Manuel Recena,3,1,Slimbook
Holafly,0,0,Daniel López
ING,3,2,Playtomic
Giuseppe Sollazzo,3,1,Holafly
Rafael Pons,1,2,Pablo Lara
Manuel Recena,3,0,Manfred
Guillermo Montoya,1,1,Álvaro Amor
Giuseppe Sollazzo,0,3,Elisardo González
Félix López,2,0,DoIt
Rafael Pons,2,2,Panel
Trisha Geee,1,0,Daniel López
Sngular,0,1,Shakers
Supermono,4,2,Roberto Canales
Playtomic,1,0,Grupo Billingham
Sngular,2,3,Vyootrip
David Cuartielles,1,1,Pablo Lara
Str Sistemas,1,2,Rubén Morgade
Jorge Galindo,4,2,Boris Gragera
Guillermo Montoya,2,1,Javier Ramírez
David Cuartielles,2,0,Supermono
Extramile Cloud,2,3,Eventbrite
Giuseppe Sollazzo,3,5,Supermono
Trisha Geee,0,1,David Pardo
Giuseppe Sollazzo,1,1,Cris Santamarina
Manuel Recena,2,1,Jose Luis Cases
Eventbrite,2,2,Álvaro Amor
Aurelia Bustos,2,4,Jorge Galindo
Daniel Ramos,3,0,Paco Gómez
Giuseppe Sollazzo,0,1,Sngular
Jorge Galindo,1,2,Jose Luis Cases
Trisha Geee,2,5,Next Digital
Eventbrite,2,1,Metricool
Sngular,1,1,Guillermo Montoya
Automattic,1,4,Jorge Galindo
Shakers,2,1,Toño de la Torre
Supermono,0,4,Álvaro Amor
Cris Santamarina,2,1,Paco Gómez
David Bonilla,0,1,Paco Gómez
Aurelia Bustos,2,0,Daniel Torres-Buriel
Supermono,1,0,David Carrero
Automattic,1,0,Boris Gragera
Panel,1,3,Rubén Arevalillo
Izertis,1,1,Pablo Lara
Aurelia Bustos,1,3,Raúl Cortina
Manuel Recena,1,1,Rubén Morgade
David Cuartielles,3,0,Giuseppe Sollazzo
Daniel Torres-Buriel,3,0,Elisardo González
Sngular,2,2,Alejandro San Nicolás
Félix López,1,2,Vyootrip
Daniel Sanchez-Crespo,1,1,Boris Gragera
Daniel López,1,2,Roberto Canales
DoIt,1,0,Daniel Ramos
Factorial,2,1,Juán Gil Miqueo
Giuseppe Sollazzo,1,0,Jordi Mon Companys
Daniel López,1,0,Elisardo González
Holafly,1,1,Alejandro San Nicolás
Trisha Geee,2,0,Jose Luis Cases
DoIt,1,2,Alejandro San Nicolás
Juán Gil Miqueo,0,1,Daniel López
Slimbook,3,3,Metricool
Eventbrite,2,0,Daniel López
Playtomic,1,4,Jose Luis Cases
Extramile Cloud,1,3,Rubén Morgade
Rafael Pons,3,0,Manuel Recena
Rubén Morgade,1,1,David Carrero
Diverger,3,3,Eventbrite
Alejandro San Nicolás,0,2,David Carrero
David Cuartielles,1,1,Tinybird
Metricool,2,4,Joaquín Fernández
Holafly,2,1,Juán Gil Miqueo
Trisha Geee,1,1,Extramile Cloud
Playtomic,3,1,Pablo Lara
Str Sistemas,0,0,Álvaro Amor
Cris Busquets,2,1,Fátima Ballesteros
Grupo Billingham,3,1,Metricool
Diverger,1,1,Metricool
David Cuartielles,0,2,Metricool
Daniel Ramos,1,1,Pablo Lara
Diverger,0,0,Fátima Ballesteros
Paco Gómez,2,1,Rubén Morgade
ING,2,1,Jose Luis Cases
Diverger,2,0,Pablo Grueso
DoIt,1,0,David Carrero
Dimas Suárez,0,1,Rubén Arevalillo
Elisardo González,1,1,Alejandro San Nicolás
Daniel Sanchez-Crespo,2,2,Daniel Ramos
Grupo Billingham,2,3,Iván Fernández
Juán Gil Miqueo,2,2,Rubén Morgade
Fátima Ballesteros,2,3,Rubén Morgade
Tinybird,2,1,Grupo Billingham
Manfred,2,1,Daniel López
Joaquín Fernández,2,1,Javier Ramírez
DoIt,3,2,Elisardo González
Automattic,2,1,Panel
Toño de la Torre,1,1,Alejandro San Nicolás
Cris Busquets,0,1,Supermono
Metricool,2,4,Javier Ramírez
Automattic,2,6,Pablo Grueso
Slimbook,2,2,DoIt
Manuel Recena,3,2,Toño de la Torre
Elisardo González,1,2,Iván Fernández
Daniel Sanchez-Crespo,2,1,Manfred
Daniel Ramos,2,1,David Carrero
Daniel Sanchez-Crespo,1,2,Grupo Billingham
Jordi Mon Companys,1,1,Raúl Cortina
Daniel Sanchez-Crespo,0,3,Félix López
Aurelia Bustos,1,3,Daniel Ramos
Cris Santamarina,1,1,David Carrero
Shakers,1,1,Paco Gómez
Pablo Grueso,2,1,Roberto Canales
La Nave,2,0,Elisardo González
Aurelia Bustos,2,0,Str Sistemas
Clara Jiménez Cruz,2,1,Alejandro San Nicolás
La Nave,2,1,Cris Santamarina
Rafael Pons,1,1,Holafly
Guillermo Montoya,3,1,Daniel López
Sngular,3,1,Jose Luis Cases
Playtomic,2,3,Boris Gragera
Manuel Recena,2,0,Joaquín Fernández
Holafly,3,1,Rubén Morgade
Giuseppe Sollazzo,2,5,Vyootrip
Automattic,1,1,Daniel Torres-Buriel
Daniel Ramos,3,1,Juán Gil Miqueo
Guillermo Montoya,2,2,Juán Gil Miqueo
Extramile Cloud,2,1,Jordi Mon Companys
Rubén Arevalillo,1,0,David Carrero
Cris Busquets,1,2,Shakers
Clara Jiménez Cruz,3,1,Pablo Grueso
Aurelia Bustos,1,0,Sngular
Trisha Geee,2,2,Cris Busquets
Extramile Cloud,4,0,Pablo Grueso
Izertis,1,0,Alejandro San Nicolás
Toño de la Torre,0,0,Joaquín Fernández
Diverger,2,0,Pablo Lara
Fátima Ballesteros,1,2,David Pardo
Automattic,2,1,Roberto Canales
Slimbook,3,1,Álvaro Amor
Toño de la Torre,1,1,Rubén Arevalillo
Félix López,1,1,Juán Gil Miqueo
Pablo Grueso,1,0,Jose Luis Cases
Automattic,1,1,Manfred
Next Digital,2,1,Playtomic
Trisha Geee,1,1,Shakers
Rafael Pons,0,3,Jordi Mon Companys
Manuel Recena,2,3,Next Digital
Aurelia Bustos,3,0,Alejandro San Nicolás
Panel,2,1,Iván Fernández
Next Digital,3,1,Jordi Mon Companys
Extramile Cloud,1,2,Boris Gragera
Rafael Pons,1,1,Factorial
Sngular,2,0,ING
Supermono,3,1,Holafly
Toño de la Torre,2,1,Jose Luis Cases
Next Digital,1,0,Jose Luis Cases
Trisha Geee,2,2,Vyootrip
Giuseppe Sollazzo,2,1,Grupo Billingham
Daniel Sanchez-Crespo,1,3,Pablo Grueso
Rafael Pons,2,2,Extramile Cloud
Rafael Pons,0,2,Tinybird
Cris Busquets,1,2,Panel
Extramile Cloud,2,0,Factorial
Clara Jiménez Cruz,2,1,Shakers
Guillermo Montoya,2,1,Jorge Galindo
Factorial,3,3,ING
Cris Busquets,2,1,Juán Gil Miqueo
Alejandro San Nicolás,0,1,Álvaro Amor
Str Sistemas,2,0,Daniel López
Guillermo Montoya,0,2,Boris Gragera
David Bonilla,3,2,Shakers
Tinybird,3,2,Metricool
La Nave,1,1,Raúl Cortina
Cris Busquets,1,1,Javier Ramírez
Trisha Geee,0,0,Grupo Billingham
Trisha Geee,3,0,Rubén Morgade
Clara Jiménez Cruz,2,0,Fátima Ballesteros
Automattic,1,0,Holafly
Trisha Geee,3,0,Iván Fernández
540,1,4,Jose Luis Cases
David Cuartielles,0,1,Factorial
Tinybird,3,3,Str Sistemas
Panel,1,0,Raúl Cortina
David Bonilla,1,2,Slimbook
Aurelia Bustos,2,2,Félix López
Extramile Cloud,1,1,Álvaro Amor
Boris Gragera,3,1,Jose Luis Cases
Giuseppe Sollazzo,2,2,Diverger
ING,0,4,Boris Gragera
Daniel Ramos,2,1,David Pardo
David Cuartielles,2,1,David Pardo
Holafly,1,1,Raúl Cortina
Manfred,4,3,Dimas Suárez
Vyootrip,1,3,Pablo Lara
Cris Busquets,3,2,Automattic
Playtomic,1,3,Javier Ramírez
Manfred,0,0,Pablo Lara
Cris Busquets,2,0,Toño de la Torre
David Cuartielles,2,1,Playtomic
Sngular,3,2,David Carrero
Roberto Canales,3,0,Pablo Lara
Izertis,1,6,Daniel Ramos
Aurelia Bustos,0,1,DoIt
Daniel Sanchez-Crespo,1,3,Elisardo González
Clara Jiménez Cruz,0,0,Daniel López
Grupo Billingham,3,1,Rubén Morgade
Factorial,2,3,Joaquín Fernández
Daniel Torres-Buriel,1,2,Jordi Mon Companys
Félix López,2,1,Slimbook
Daniel Sanchez-Crespo,1,1,540
Jorge Galindo,5,0,Elisardo González
David Bonilla,2,0,Supermono
Holafly,0,2,Vyootrip
Cris Santamarina,3,2,Joaquín Fernández
Panel,1,3,David Pardo
Eventbrite,2,1,Javier Ramírez
540,2,3,Elisardo González
Eventbrite,3,2,Raúl Cortina
Daniel Sanchez-Crespo,1,1,Giuseppe Sollazzo
Playtomic,1,6,Jorge Galindo
Félix López,2,5,ING
Factorial,1,2,Dimas Suárez
Rafael Pons,4,2,Iván Fernández
540,4,2,Extramile Cloud
Panel,2,3,Juán Gil Miqueo
Str Sistemas,2,5,Jose Luis Cases
Félix López,1,0,Álvaro Amor
Extramile Cloud,1,1,Daniel Torres-Buriel
Toño de la Torre,2,1,Dimas Suárez
Cris Busquets,4,2,Pablo Lara
Supermono,0,0,Daniel Torres-Buriel
Cris Busquets,2,2,Guillermo Montoya
Rafael Pons,1,3,Rubén Arevalillo
Aurelia Bustos,3,1,Supermono
Alejandro San Nicolás,2,1,Rubén Morgade
Guillermo Montoya,2,3,Roberto Canales
DoIt,2,1,Rubén Morgade
Diverger,1,4,Slimbook
Rubén Arevalillo,0,1,Pablo Grueso
Izertis,3,1,Shakers
Clara Jiménez Cruz,1,0,Cris Santamarina
Next Digital,4,1,Boris Gragera
Félix López,1,2,Boris Gragera
La Nave,1,1,Manfred
Automattic,2,0,Juán Gil Miqueo
Daniel Sanchez-Crespo,1,2,Playtomic
Supermono,1,1,Dimas Suárez
Jordi Mon Companys,1,4,Joaquín Fernández
David Bonilla,2,1,Roberto Canales
Aurelia Bustos,4,1,Manuel Recena
540,1,2,ING
Tinybird,2,2,Holafly
Rubén Morgade,2,0,Joaquín Fernández
Rafael Pons,1,0,Félix López
Iván Fernández,2,1,Pablo Lara
Shakers,0,2,Joaquín Fernández
Guillermo Montoya,1,0,Raúl Cortina
Rafael Pons,3,1,Alejandro San Nicolás
Next Digital,2,1,Raúl Cortina
Trisha Geee,2,2,Tinybird
Manuel Recena,3,1,Juán Gil Miqueo
Cris Busquets,1,1,Izertis
David Bonilla,0,2,Cris Santamarina
Guillermo Montoya,1,0,Pablo Lara
Jordi Mon Companys,1,1,Jose Luis Cases
Rafael Pons,3,2,Roberto Canales
David Cuartielles,2,0,Izertis
David Cuartielles,1,0,DoIt
Félix López,0,2,Javier Ramírez
Next Digital,2,3,Eventbrite
Daniel Sanchez-Crespo,1,0,Automattic
Guillermo Montoya,1,5,Iván Fernández
Next Digital,1,0,Holafly
Next Digital,2,2,Rubén Morgade
Fátima Ballesteros,1,0,Daniel Ramos
Félix López,0,2,Holafly
540,1,0,Alejandro San Nicolás
Jordi Mon Companys,2,1,Paco Gómez
Panel,2,2,Daniel Ramos
Boris Gragera,2,0,Pablo Lara
DoIt,3,4,Roberto Canales
Giuseppe Sollazzo,1,3,Rafael Pons
Giuseppe Sollazzo,1,2,Félix López
Daniel Torres-Buriel,1,1,David Carrero
Daniel Sanchez-Crespo,2,1,Álvaro Amor
Tinybird,2,1,Pablo Lara
Slimbook,1,6,Pablo Lara
ING,1,4,Alejandro San Nicolás
David Bonilla,0,3,Pablo Grueso
Automattic,1,3,Daniel López
Playtomic,2,2,Holafly
Trisha Geee,3,4,Izertis
DoIt,1,2,Joaquín Fernández
Joaquín Fernández,1,3,Iván Fernández
Izertis,0,0,Next Digital
Paco Gómez,1,3,Álvaro Amor
David Cuartielles,2,6,Raúl Cortina
Tinybird,1,0,Next Digital
Holafly,1,3,Eventbrite
Diverger,1,2,Iván Fernández
Giuseppe Sollazzo,3,1,Str Sistemas
Trisha Geee,2,4,Manfred
Dimas Suárez,2,4,Iván Fernández
Slimbook,2,4,Roberto Canales
Giuseppe Sollazzo,1,1,Roberto Canales
Joaquín Fernández,1,0,David Carrero
Jordi Mon Companys,1,1,Álvaro Amor
Giuseppe Sollazzo,2,2,David Carrero
Cris Busquets,0,1,Félix López
Félix López,2,1,Diverger
Extramile Cloud,1,0,Daniel López
Félix López,2,2,Paco Gómez
Pablo Grueso,3,2,Pablo Lara
Giuseppe Sollazzo,0,3,Izertis
Automattic,2,0,Grupo Billingham
Metricool,1,4,Paco Gómez
Aurelia Bustos,2,2,Elisardo González
Supermono,2,2,Shakers
Playtomic,1,6,Iván Fernández
Félix López,1,2,Shakers
Shakers,0,0,Daniel López
Juán Gil Miqueo,4,2,Rubén Arevalillo
Aurelia Bustos,2,0,Extramile Cloud
David Cuartielles,3,1,Álvaro Amor
Raúl Cortina,1,0,Pablo Lara
Jorge Galindo,1,3,Rubén Arevalillo
Trisha Geee,3,4,Automattic
Rubén Arevalillo,2,2,Jose Luis Cases
Slimbook,1,1,Daniel Torres-Buriel
Daniel Torres-Buriel,0,1,Jorge Galindo
Izertis,1,2,Daniel Torres-Buriel
Daniel Sanchez-Crespo,1,0,Supermono
Next Digital,1,2,Paco Gómez
Factorial,0,1,Jordi Mon Companys
Rafael Pons,2,1,Cris Busquets
Factorial,1,0,Playtomic
540,2,1,DoIt
Grupo Billingham,2,0,Alejandro San Nicolás
Manuel Recena,2,1,Álvaro Amor
Elisardo González,1,0,Paco Gómez
Manuel Recena,1,1,Daniel López
Grupo Billingham,0,3,Boris Gragera
Daniel Torres-Buriel,3,1,Álvaro Amor
Diverger,3,1,Str Sistemas
Supermono,2,1,Guillermo Montoya
Cris Santamarina,2,0,Alejandro San Nicolás
Shakers,1,6,Dimas Suárez
Trisha Geee,2,3,Fátima Ballesteros
Next Digital,1,1,Daniel Torres-Buriel
Vyootrip,2,0,Iván Fernández
Daniel Sanchez-Crespo,1,5,Dimas Suárez
Sngular,1,0,Rubén Arevalillo
Aurelia Bustos,1,5,Factorial
Cris Santamarina,4,4,Daniel López
540,2,1,Str Sistemas
540,3,1,Boris Gragera
Giuseppe Sollazzo,2,0,Fátima Ballesteros
Jose Luis Cases,1,0,Javier Ramírez
Shakers,2,2,Boris Gragera
Manfred,1,1,Boris Gragera
Toño de la Torre,1,2,Rubén Morgade
Jorge Galindo,2,3,Álvaro Amor
Vyootrip,2,1,Raúl Cortina
Grupo Billingham,1,2,Fátima Ballesteros
Manuel Recena,1,0,Shakers
ING,1,1,Vyootrip
Holafly,1,0,Elisardo González
Diverger,2,3,Alejandro San Nicolás
Playtomic,1,1,Manfred
Guillermo Montoya,2,0,Jose Luis Cases
Str Sistemas,1,2,Holafly
Trisha Geee,2,0,Toño de la Torre
Daniel Sanchez-Crespo,2,1,Str Sistemas
Tinybird,1,1,Paco Gómez
Eventbrite,2,1,Manfred
Diverger,3,2,Extramile Cloud
Paco Gómez,2,2,Joaquín Fernández
Diverger,1,0,Boris Gragera
David Cuartielles,3,3,Rafael Pons
Félix López,1,1,Automattic
Dimas Suárez,2,2,Paco Gómez
Extramile Cloud,2,1,David Carrero
Clara Jiménez Cruz,0,0,Slimbook
DoIt,3,1,Metricool
Daniel Ramos,1,2,Dimas Suárez
Manfred,1,2,Metricool
Izertis,3,2,Supermono
Grupo Billingham,1,2,Jordi Mon Companys
Fátima Ballesteros,0,1,Paco Gómez
Automattic,1,2,Toño de la Torre
Clara Jiménez Cruz,1,1,Factorial
Fátima Ballesteros,1,1,Rubén Arevalillo
Slimbook,2,1,Jordi Mon Companys
Supermono,0,4,Rubén Morgade
David Cuartielles,2,3,Next Digital
Playtomic,2,0,Paco Gómez
Eventbrite,0,0,Elisardo González
Giuseppe Sollazzo,2,0,Jorge Galindo
Sngular,3,2,Daniel López
Paco Gómez,2,1,Pablo Lara
Diverger,1,1,Toño de la Torre
Boris Gragera,1,6,Rubén Arevalillo
Diverger,1,4,Holafly
Daniel Sanchez-Crespo,1,0,Daniel López
Izertis,3,2,Iván Fernández
ING,2,1,Toño de la Torre
Clara Jiménez Cruz,2,3,Elisardo González
Shakers,2,1,Daniel Torres-Buriel
Panel,2,4,Izertis
Rafael Pons,0,1,Diverger
David Pardo,3,2,Jose Luis Cases
DoIt,2,1,Boris Gragera
Daniel López,2,1,Jose Luis Cases
Metricool,1,6,Jordi Mon Companys
Holafly,0,2,Joaquín Fernández
540,2,1,Izertis
Tinybird,1,0,Dimas Suárez
Vyootrip,2,5,Daniel Ramos
Playtomic,1,0,Jordi Mon Companys
Guillermo Montoya,1,1,Joaquín Fernández
David Bonilla,4,1,Extramile Cloud
Panel,2,0,Roberto Canales
Supermono,2,0,Javier Ramírez
Slimbook,2,2,Grupo Billingham
David Pardo,3,1,Pablo Lara
Next Digital,1,2,Rubén Arevalillo
Extramile Cloud,2,2,Metricool
Giuseppe Sollazzo,2,4,Juán Gil Miqueo
Rafael Pons,3,3,Shakers
Vyootrip,1,2,Alejandro San Nicolás
Joaquín Fernández,2,3,Raúl Cortina
DoIt,2,1,Iván Fernández
Aurelia Bustos,2,1,Shakers
Aurelia Bustos,3,3,Fátima Ballesteros
Sngular,4,0,Roberto Canales
David Cuartielles,2,1,540
Izertis,2,1,Raúl Cortina
Factorial,0,4,Grupo Billingham
Félix López,3,3,Eventbrite
Cris Busquets,1,3,Joaquín Fernández
DoIt,0,6,Jose Luis Cases
Alejandro San Nicolás,3,3,Joaquín Fernández
David Carrero,1,1,Pablo Lara
Cris Busquets,2,2,Alejandro San Nicolás
Rafael Pons,0,1,Paco Gómez
Tinybird,3,0,Elisardo González
Aurelia Bustos,1,2,La Nave
Izertis,1,1,Dimas Suárez
Supermono,2,1,Pablo Lara
Félix López,1,1,Str Sistemas
Metricool,0,1,Toño de la Torre
Trisha Geee,1,1,Raúl Cortina
Factorial,0,1,David Carrero
ING,2,2,Iván Fernández
Trisha Geee,2,1,Boris Gragera
Automattic,1,3,Str Sistemas
Panel,1,1,Daniel Torres-Buriel
Next Digital,1,1,La Nave
ING,0,2,Jordi Mon Companys
Giuseppe Sollazzo,3,0,Metricool
David Pardo,1,6,David Carrero
Trisha Geee,2,1,Slimbook
Trisha Geee,0,1,Cris Santamarina
Manfred,1,0,Rubén Arevalillo
Tinybird,1,5,Supermono
Extramile Cloud,2,0,David Pardo
David Bonilla,2,1,Elisardo González
Boris Gragera,1,1,Iván Fernández
Extramile Cloud,1,4,Pablo Lara
Manfred,3,2,Jordi Mon Companys
Sngular,2,2,Javier Ramírez
David Cuartielles,0,1,Vyootrip
Factorial,3,1,Roberto Canales
David Cuartielles,2,1,Holafly
Tinybird,0,2,Shakers
Next Digital,1,1,Pablo Lara
DoIt,1,2,Daniel Torres-Buriel
Tinybird,1,1,Alejandro San Nicolás
Daniel Sanchez-Crespo,4,0,Rafael Pons
Clara Jiménez Cruz,0,0,David Bonilla
Trisha Geee,0,1,Alejandro San Nicolás
David Carrero,1,0,Jose Luis Cases
Next Digital,2,0,ING
La Nave,2,1,Metricool
Daniel Ramos,2,1,Joaquín Fernández
Elisardo González,1,0,Rubén Arevalillo
Guillermo Montoya,0,2,Rubén Arevalillo
Eventbrite,1,0,Roberto Canales
Daniel Torres-Buriel,0,0,Iván Fernández
Manuel Recena,1,2,DoIt
Giuseppe Sollazzo,2,1,Shakers
Rafael Pons,2,2,Slimbook
Slimbook,2,0,Daniel Ramos
Supermono,2,1,Jose Luis Cases
Trisha Geee,1,1,Factorial
Giuseppe Sollazzo,2,2,Automattic
Giuseppe Sollazzo,1,0,David Bonilla
Manuel Recena,0,0,Diverger
Giuseppe Sollazzo,0,3,Joaquín Fernández
Supermono,1,0,Iván Fernández
David Cuartielles,2,1,ING
Automattic,1,1,Joaquín Fernández
Extramile Cloud,0,6,Shakers
Daniel Torres-Buriel,2,5,Juán Gil Miqueo
Izertis,2,2,Jose Luis Cases
Supermono,2,3,Rubén Arevalillo
Rubén Morgade,3,1,Jose Luis Cases
Izertis,1,2,Grupo Billingham
David Cuartielles,2,0,Slimbook
Félix López,0,1,Rubén Arevalillo
Cris Santamarina,1,1,Rubén Morgade
Automattic,2,0,Izertis
Tinybird,0,0,Raúl Cortina
Clara Jiménez Cruz,3,0,Rafael Pons
Pablo Grueso,2,3,David Carrero
Juán Gil Miqueo,1,2,David Carrero
Automattic,2,0,Dimas Suárez
ING,1,2,Manfred
Daniel Sanchez-Crespo,3,2,Sngular
Daniel Ramos,1,1,Cris Santamarina
Tinybird,1,1,Jordi Mon Companys
Automattic,2,1,Alejandro San Nicolás
Rafael Pons,1,2,David Pardo
Supermono,2,1,Daniel López
540,3,2,Joaquín Fernández
ING,0,2,David Pardo
Giuseppe Sollazzo,1,0,Álvaro Amor
Izertis,0,0,Rubén Arevalillo
Panel,1,2,La Nave
Álvaro Amor,2,2,Joaquín Fernández
David Cuartielles,2,1,David Carrero
Daniel Sanchez-Crespo,1,1,Metricool
Manuel Recena,2,0,Tinybird
David Bonilla,1,2,Toño de la Torre
Panel,1,1,DoIt
Clara Jiménez Cruz,1,1,Dimas Suárez
Str Sistemas,2,1,Guillermo Montoya
Aurelia Bustos,1,0,Next Digital
Panel,0,1,Guillermo Montoya
Guillermo Montoya,3,2,Jordi Mon Companys
Daniel Torres-Buriel,3,1,Toño de la Torre
Rubén Morgade,2,3,Roberto Canales
Diverger,1,1,David Carrero
Clara Jiménez Cruz,3,1,Eventbrite
Eventbrite,1,1,Joaquín Fernández
Juán Gil Miqueo,1,2,Roberto Canales
Izertis,3,2,Slimbook
Aurelia Bustos,1,0,Diverger
Giuseppe Sollazzo,1,1,La Nave
David Bonilla,2,0,ING
Félix López,2,2,Raúl Cortina
Grupo Billingham,2,2,Jorge Galindo
Diverger,2,0,Daniel Ramos
Aurelia Bustos,1,4,Metricool
Supermono,2,5,Juán Gil Miqueo
Aurelia Bustos,2,1,Paco Gómez
Tinybird,3,0,Daniel Torres-Buriel
Sngular,2,0,Tinybird
Boris Gragera,0,1,Paco Gómez
Félix López,2,2,540
Boris Gragera,2,1,Raúl Cortina
La Nave,1,1,Joaquín Fernández
Diverger,3,1,Rubén Morgade
Extramile Cloud,2,1,Playtomic
Aurelia Bustos,3,0,Álvaro Amor
Vyootrip,1,1,Rubén Arevalillo
Alejandro San Nicolás,1,1,Javier Ramírez
Jorge Galindo,2,4,David Carrero
Paco Gómez,2,2,Pablo Grueso
Álvaro Amor,2,4,Rubén Arevalillo
Automattic,1,0,Tinybird
Izertis,2,0,Álvaro Amor
David Cuartielles,0,1,Automattic
Str Sistemas,2,5,David Pardo
Automattic,0,1,Metricool
Sngular,2,0,Joaquín Fernández
Aurelia Bustos,2,0,Pablo Lara
Vyootrip,2,2,Paco Gómez
Pablo Grueso,2,1,Raúl Cortina
Manfred,1,2,Toño de la Torre
David Cuartielles,0,0,Daniel Ramos
Cris Busquets,1,1,Daniel Ramos
Félix López,1,4,Metricool
Trisha Geee,2,1,Rubén Arevalillo
Next Digital,1,2,Fátima Ballesteros
Extramile Cloud,2,0,Manfred
Metricool,3,1,Dimas Suárez
Str Sistemas,2,0,Pablo Grueso
DoIt,2,2,Eventbrite
David Cuartielles,2,0,Dimas Suárez
Fátima Ballesteros,0,1,Guillermo Montoya
Fátima Ballesteros,1,2,Pablo Lara
ING,1,1,Holafly
Next Digital,0,2,Manfred
David Bonilla,2,4,540
Metricool,1,3,Pablo Grueso
Manuel Recena,3,0,Str Sistemas
Rubén Morgade,0,3,Javier Ramírez
Str Sistemas,2,4,Vyootrip
Clara Jiménez Cruz,1,1,La Nave
Cris Santamarina,2,1,Elisardo González
Sngular,3,3,Álvaro Amor
Daniel Torres-Buriel,2,3,Cris Santamarina
Trisha Geee,1,1,Holafly
David Cuartielles,1,2,Grupo Billingham
Playtomic,2,0,Supermono
Manuel Recena,0,1,Iván Fernández
540,3,1,Supermono
Tinybird,1,3,Javier Ramírez
Str Sistemas,0,2,La Nave
Rubén Morgade,3,1,Pablo Lara
Dimas Suárez,1,0,Joaquín Fernández
Félix López,2,3,Cris Santamarina
540,1,0,Eventbrite
Extramile Cloud,2,1,Rubén Arevalillo
David Cuartielles,0,2,Trisha Geee
Automattic,0,1,Fátima Ballesteros
Giuseppe Sollazzo,3,4,Toño de la Torre
La Nave,0,1,Grupo Billingham
Holafly,3,3,Fátima Ballesteros
Daniel López,2,1,Alejandro San Nicolás
Daniel Sanchez-Crespo,1,1,David Carrero
Trisha Geee,3,4,Félix López
Clara Jiménez Cruz,2,1,Trisha Geee
Daniel Sanchez-Crespo,1,3,La Nave
Fátima Ballesteros,1,1,Jose Luis Cases
Diverger,1,0,Rubén Arevalillo
Str Sistemas,1,0,Shakers
Metricool,2,3,Rubén Arevalillo
ING,1,2,Fátima Ballesteros
La Nave,3,3,Javier Ramírez
Holafly,1,1,Metricool
Izertis,1,1,Diverger
David Pardo,1,1,Álvaro Amor
ING,2,0,Álvaro Amor
Fátima Ballesteros,2,1,Iván Fernández
Clara Jiménez Cruz,3,0,Manuel Recena
DoIt,3,1,Álvaro Amor
540,1,2,Jordi Mon Companys
Daniel Ramos,2,4,Boris Gragera
Trisha Geee,3,1,David Bonilla
Playtomic,2,1,La Nave
Daniel López,1,0,Pablo Lara
Extramile Cloud,0,1,Supermono
ING,2,2,Javier Ramírez
540,1,2,David Pardo
David Bonilla,2,1,Grupo Billingham
Cris Busquets,2,2,Raúl Cortina
Supermono,2,3,La Nave
Giuseppe Sollazzo,2,2,Rubén Arevalillo
Manuel Recena,3,1,La Nave
Next Digital,1,1,Iván Fernández
Str Sistemas,2,2,Manfred
Juán Gil Miqueo,1,1,Jorge Galindo
Tinybird,2,1,Roberto Canales
540,2,1,Playtomic
540,1,1,Cris Santamarina
Izertis,4,2,Fátima Ballesteros
Diverger,1,1,David Pardo
Aurelia Bustos,0,1,Joaquín Fernández
Jorge Galindo,2,2,Jordi Mon Companys
Rafael Pons,0,2,Guillermo Montoya
Daniel Torres-Buriel,1,3,Daniel López
Sngular,0,2,Pablo Lara
Izertis,1,2,Boris Gragera
Trisha Geee,3,0,Supermono
Holafly,2,2,Cris Santamarina
DoIt,2,2,Playtomic
DoIt,3,1,Javier Ramírez
Trisha Geee,1,2,DoIt
Rafael Pons,3,2,Cris Santamarina
Daniel Sanchez-Crespo,0,2,Iván Fernández
Giuseppe Sollazzo,2,1,David Pardo
Factorial,2,1,Elisardo González
Factorial,2,2,Alejandro San Nicolás
Sngular,1,1,Cris Santamarina
Elisardo González,1,2,Álvaro Amor
Panel,2,0,Fátima Ballesteros
Holafly,2,2,Álvaro Amor
Automattic,3,0,Shakers
Panel,3,4,Eventbrite
Aurelia Bustos,1,4,Dimas Suárez
Eventbrite,0,3,Alejandro San Nicolás
Elisardo González,1,2,David Carrero
Trisha Geee,3,0,Manuel Recena
Pablo Grueso,2,4,Iván Fernández
David Bonilla,0,0,Javier Ramírez
Sngular,2,1,Daniel Ramos
Alejandro San Nicolás,1,1,Pablo Grueso
La Nave,3,1,Vyootrip
David Cuartielles,3,2,Juán Gil Miqueo
David Cuartielles,1,4,Guillermo Montoya
Giuseppe Sollazzo,5,0,Eventbrite
Metricool,1,3,Roberto Canales
Daniel Ramos,2,2,Álvaro Amor
Slimbook,1,1,Rubén Arevalillo
Daniel López,1,4,Boris Gragera
Aurelia Bustos,2,1,Cris Santamarina
Shakers,1,0,Alejandro San Nicolás
Panel,2,0,Boris Gragera
Supermono,1,3,Elisardo González
Str Sistemas,2,3,Rubén Arevalillo
Shakers,2,2,Jorge Galindo
DoIt,3,3,Guillermo Montoya
Daniel López,3,0,Paco Gómez
Vyootrip,2,1,Álvaro Amor
Str Sistemas,2,0,Metricool
Giuseppe Sollazzo,2,1,Javier Ramírez
Alejandro San Nicolás,2,1,Raúl Cortina
DoIt,2,0,Jorge Galindo
Manuel Recena,4,1,Holafly
Cris Busquets,3,1,Paco Gómez
Cris Busquets,1,1,Álvaro Amor
Giuseppe Sollazzo,0,4,DoIt
Vyootrip,1,0,Rubén Morgade
Elisardo González,0,0,Boris Gragera
Giuseppe Sollazzo,0,2,Rubén Morgade
Diverger,1,0,Playtomic
Panel,2,3,ING
Aurelia Bustos,2,0,Grupo Billingham
Félix López,1,4,Jorge Galindo
Joaquín Fernández,2,1,Jose Luis Cases
La Nave,0,6,David Carrero
Supermono,2,0,Raúl Cortina
Manuel Recena,2,2,Panel
Next Digital,3,6,Alejandro San Nicolás
Paco Gómez,0,1,Javier Ramírez
La Nave,2,1,Fátima Ballesteros
540,4,3,Holafly
Vyootrip,3,1,Daniel López
Félix López,1,1,Joaquín Fernández
Grupo Billingham,3,0,Roberto Canales
Félix López,3,3,Manfred
Grupo Billingham,0,1,Daniel Torres-Buriel
David Cuartielles,2,2,La Nave
Clara Jiménez Cruz,2,4,Izertis
Félix López,2,1,La Nave
Clara Jiménez Cruz,1,1,Holafly
Rubén Arevalillo,2,1,Rubén Morgade
Daniel Ramos,3,3,Rubén Arevalillo
Eventbrite,1,2,Dimas Suárez
Paco Gómez,2,1,Raúl Cortina
La Nave,2,3,Paco Gómez
Slimbook,1,3,ING
Slimbook,2,3,Dimas Suárez
Manfred,2,1,Alejandro San Nicolás
Eventbrite,3,3,Iván Fernández
Automattic,3,2,Cris Santamarina
Rafael Pons,1,0,Daniel López
Cris Busquets,3,1,Elisardo González
David Pardo,1,5,Juán Gil Miqueo
Shakers,2,2,Grupo Billingham
Rafael Pons,2,1,540
Trisha Geee,1,2,Sngular
Trisha Geee,1,1,Álvaro Amor
Slimbook,1,0,Alejandro San Nicolás
Shakers,0,1,Manfred
Factorial,1,1,Vyootrip
Rafael Pons,1,3,Joaquín Fernández
Rafael Pons,2,0,La Nave
Shakers,2,6,Juán Gil Miqueo
Holafly,0,1,Roberto Canales
Cris Busquets,2,1,Grupo Billingham
Tinybird,3,3,Playtomic
Cris Busquets,1,2,Boris Gragera
Elisardo González,2,1,Joaquín Fernández
Manuel Recena,1,0,Pablo Lara
Shakers,1,3,La Nave
Trisha Geee,4,2,Javier Ramírez
Automattic,1,4,Vyootrip
Metricool,2,3,Daniel López
Toño de la Torre,1,1,Paco Gómez
La Nave,1,1,Daniel Torres-Buriel
Metricool,0,1,Boris Gragera
David Bonilla,1,1,Playtomic
Supermono,1,1,Cris Santamarina
Manfred,4,2,Cris Santamarina
Félix López,3,0,David Carrero
Shakers,1,1,David Pardo
David Pardo,2,1,Raúl Cortina
Slimbook,2,0,Fátima Ballesteros
Dimas Suárez,2,2,Jordi Mon Companys
Aurelia Bustos,0,1,Vyootrip
Cris Santamarina,1,1,Jose Luis Cases
ING,1,0,Grupo Billingham
Félix López,2,3,Fátima Ballesteros
Next Digital,1,2,Supermono
Cris Santamarina,1,1,Roberto Canales
Supermono,1,1,Paco Gómez
Cris Busquets,1,1,540
Panel,1,0,Str Sistemas
Sngular,2,0,Grupo Billingham
David Cuartielles,1,0,Iván Fernández
Cris Santamarina,2,1,Boris Gragera
Izertis,1,0,Vyootrip
Giuseppe Sollazzo,2,1,Jose Luis Cases
Toño de la Torre,2,1,Iván Fernández
Rubén Arevalillo,1,2,Iván Fernández
Giuseppe Sollazzo,0,2,Extramile Cloud
Sngular,3,1,Rubén Morgade
540,0,3,Vyootrip
Str Sistemas,2,3,Grupo Billingham
Eventbrite,1,1,David Carrero
Trisha Geee,2,5,Panel
Daniel Ramos,0,1,Jordi Mon Companys
Automattic,1,4,David Carrero
Sngular,0,2,David Pardo
Factorial,2,3,Tinybird
Daniel Sanchez-Crespo,2,0,Manuel Recena
Playtomic,3,1,Metricool
540,0,2,Next Digital
Fátima Ballesteros,3,0,Cris Santamarina
Paco Gómez,1,0,David Carrero
Clara Jiménez Cruz,2,5,Raúl Cortina
Cris Busquets,0,4,Pablo Grueso
Trisha Geee,2,5,Joaquín Fernández
David Bonilla,1,0,Daniel Torres-Buriel
David Cuartielles,1,3,Jose Luis Cases
Tinybird,2,3,David Pardo
Sngular,0,2,Jorge Galindo
Extramile Cloud,0,6,Str Sistemas
David Pardo,3,0,Jorge Galindo
Tinybird,2,2,Rubén Arevalillo
Izertis,3,1,Roberto Canales
540,3,1,Factorial
ING,1,1,La Nave
Dimas Suárez,3,5,David Carrero
Slimbook,1,1,Javier Ramírez
Panel,1,0,Daniel López
David Cuartielles,3,3,Fátima Ballesteros
Félix López,2,2,Pablo Lara
Rafael Pons,0,2,Álvaro Amor
Automattic,2,1,Supermono
Panel,3,0,Pablo Grueso
Automattic,1,1,La Nave
Cris Busquets,2,0,Metricool
Manuel Recena,3,2,Boris Gragera
Eventbrite,2,2,Paco Gómez
Félix López,1,2,David Pardo
Sngular,1,1,Metricool
David Pardo,2,0,Elisardo González
Supermono,1,0,David Pardo
Sngular,2,1,Next Digital
